{"cameraMode":{"drawMode":0,"name":"Shaded","section":"Shading Mode"},"sceneLighting":false,"audioPlay":false,"sceneViewState":{"showFog":true,"showMaterialUpdate":false,"showSkybox":false,"showFlares":true,"showImageEffects":true,"showParticleSystems":true},"in2DMode":false,"pivot":{"x":-0.03007030487060547,"y":0.031286001205444339,"z":0.026317596435546876},"rotation":{"x":-0.1396164745092392,"y":0.565377414226532,"z":-0.09782285988330841,"w":-0.8070490956306458},"size":23.501733779907228,"orthographic":false}