{"cameraMode":{"drawMode":0,"name":"Shaded","section":"Shading Mode"},"sceneLighting":false,"audioPlay":false,"sceneViewState":{"showFog":true,"showMaterialUpdate":false,"showSkybox":false,"showFlares":true,"showImageEffects":true,"showParticleSystems":true},"in2DMode":false,"pivot":{"x":-1.3247127532958985,"y":-0.5345912575721741,"z":2.0815722942352297},"rotation":{"x":0.21807214617729188,"y":0.05471435561776161,"z":0.012246244587004185,"w":-0.9743220210075378},"size":22.0,"orthographic":false}