{"cameraMode":{"drawMode":0,"name":"Shaded","section":"Shading Mode"},"sceneLighting":false,"audioPlay":false,"sceneViewState":{"showFog":true,"showMaterialUpdate":false,"showSkybox":false,"showFlares":true,"showImageEffects":true,"showParticleSystems":true},"in2DMode":false,"pivot":{"x":5.398166656494141,"y":7.0224609375,"z":2.8185882568359377},"rotation":{"x":-0.1970033347606659,"y":-0.011182761751115322,"z":0.0022341194562613966,"w":-0.9803577065467835},"size":92.72725677490235,"orthographic":false}