{"cameraMode":{"drawMode":0,"name":"Shaded","section":"Shading Mode"},"sceneLighting":false,"audioPlay":false,"sceneViewState":{"showFog":true,"showMaterialUpdate":false,"showSkybox":false,"showFlares":true,"showImageEffects":true,"showParticleSystems":true},"in2DMode":false,"pivot":{"x":5.056535243988037,"y":1.6504755020141602,"z":0.5759906768798828},"rotation":{"x":-0.1970033347606659,"y":-0.011182761751115322,"z":0.0022341194562613966,"w":-0.9803577065467835},"size":51.87733840942383,"orthographic":false}